scenario,year,trucks_ICE,trucks_EV,cars_ICE,cars_EV,scooters_ICE,scooters_EV,trucks_light_ICE,trucks_light_EV,bus_ICE,bus_EV,p05,median,p95
Conservative,2025,5.925016992641274,0.0049948756159729,18.45147998620017,0.10954478792130325,5.2178335151784,0.08317642560215362,3.8219968137639686,0.006481288239961417,1.5918640840837674,0.09136211859564014,32.92313626448811,35.30403254360803,37.69475433753082
Conservative,2026,5.88557074027751,0.013988895684954284,18.329660806251983,0.1563187513009941,5.10923814632736,0.08656462862637217,3.8546813116710683,0.015012932568326637,1.545778158481705,0.11346525777897662,32.74695285827614,35.10898770011522,37.48276361811814
Conservative,2027,5.839638890174973,0.026696603117236827,18.159655561703865,0.21435639287426236,4.9881751244356805,0.09255186515417489,3.8797981445743113,0.02644462779352185,1.4858372298019067,0.14182945698866725,32.51628528601425,34.854336006548515,37.20274255128516
Conservative,2028,5.787221442333661,0.042587580808431384,17.941464252555814,0.28183669023917984,4.854644449503361,0.10076650547297693,3.897347312473696,0.04034736080672439,1.4120412980443724,0.17546803353934434,32.2190862166192,34.532780102576545,36.85015125615713
Conservative,2029,5.7283183967535765,0.061131411654148815,17.67508687880783,0.3569386209938184,4.7086461215304,0.1108369198701935,3.9073288153692243,0.05629211849911158,1.3243903632091023,0.21339430474564028,31.86581197007339,34.14031831188893,36.422070278188805
Conservative,2030,5.662929753434717,0.08179767855,17.360523440459904,0.4378411627362499,4.5501801405168,0.12239147863323985,3.9097426532608943,0.07384988776186079,1.2228844252960964,0.2546215879221875,31.441616343167343,33.67460632599388,35.91578095676585
Conservative,2031,5.5910555123770855,0.10580339432005427,16.97368090521208,0.5379815183347116,4.37301267994224,0.1386490446479322,3.904588826148707,0.09414656327897054,1.1213784873830905,0.29614815801806676,30.95566305021327,33.13542855907535,35.32573130133193
Conservative,2032,5.51269567358068,0.13186786600915198,16.514559273064357,0.6501185013947129,4.17714373980672,0.15754930439938866,3.8918673340326624,0.11604129825906581,1.0198725494700847,0.3347020868849909,30.386057080053693,32.505298089710564,34.63586787521117
Conservative,2033,5.427850237045501,0.15964771521124577,15.983158544016726,0.7724837872395701,3.9625733201102404,0.17873138259543467,3.871578176912761,0.13925636063758465,0.9183666115570789,0.37028337452296,29.73305070160849,31.784722930713123,33.8432592195636
Conservative,2034,5.336519202771547,0.18879956352028798,15.379478718069192,0.9033090511925997,3.7293014208528006,0.20183440394389546,3.843721354789002,0.16351401834996498,0.8168606736440729,0.40289202093197396,28.991275631968602,30.967045415066373,32.94786519517173
Conservative,2035,5.2387025707588215,0.21898003253023127,14.703519795221764,1.0408259685771186,3.4773280420344,0.22649749315259632,3.808296867661385,0.18853653933164483,0.7153547357310671,0.4325280261120327,28.160608239105432,30.053353865045672,31.950395396374624
Conservative,2036,5.134400341007321,0.24984574383502803,13.931188743174461,1.1887638541104038,3.20932482359232,0.25187894155347385,3.7556494188008513,0.21735114419884635,0.6138487978180612,0.4591913900631365,27.21778616537725,29.0146301054997,30.80964945371952
Conservative,2037,5.0236125135170475,0.2810533190286308,13.062485561927295,1.3447649415568774,2.9252917655265605,0.27766942746752094,3.685779008207401,0.2493257530804973,0.5123428599050552,0.4828821127852849,26.160680715239167,27.84683105893156,29.531850809534205
Conservative,2038,4.906339088288,0.312259379704992,12.097410251480259,1.506471464680962,2.62522886783712,0.303559629215731,3.598685635881034,0.2838282861055256,0.41083692199204946,0.5036001942784785,24.984307607087697,26.55081029454047,28.113310236520643
Conservative,2039,4.78258006532018,0.34312054745806425,11.03596281183335,1.6715256572470785,2.3091361305240006,0.3292402251190969,3.4943693018217505,0.3202266634028589,0.3093309840790436,0.5213456345427167,23.68417505663897,25.11978645773842,26.54841051310039
Conservative,2040,4.652335444613586,0.37329344388179997,9.878143242986575,1.83756975301965,1.9770135535872007,0.3544018934986118,3.3728300060295497,0.35788880510142507,0.20782504616603767,0.5361184335779999,22.26027125898398,23.54898836673128,24.835377396938807
Conservative,2041,4.544674522149943,0.41088704517922947,8.793956789488046,2.010596602856302,1.7410186924608007,0.38336729383761775,3.1995565728377806,0.4009432258457779,0.13855003077735847,0.5509606558763999,21.02159668250902,22.17459024997624,23.330485844616778
Conservative,2042,4.433122241043038,0.44833084903609205,7.757956400589456,2.166489588349944,1.51749148437504,0.40909744078673765,3.0223688301612577,0.4431677666927184,0.08313001846641506,0.55991973546432,19.814929417590765,20.841442160882885,21.869962244973586
Conservative,2043,4.317678601292869,0.485530843112091,6.7701420762907984,2.305786646457235,1.30643192932992,0.43170211517918955,2.8412667779999805,0.4844968765523514,0.04156500923320752,0.56328714216684,18.644853266250212,19.549427519278137,20.4572733963058
Conservative,2044,4.198343602899435,0.52239301506693,5.8305138165920765,2.429025714134838,1.10784002732544,0.4512910978481919,2.6562504163539487,0.5248650043347823,0.013855003077735843,0.56135434580904,17.50585706881614,18.296910007781687,19.088730834678234
Conservative,2045,4.075117245862736,0.5588233525603125,4.939071621493287,2.536744728339412,0.9217157783616002,0.4679741696269625,2.467319745223164,0.5642065989501158,0.0,0.5544128162159999,16.404612547658846,17.08675735206272,17.769747420979286
Conservative,2046,3.947999530182774,0.594727843251942,4.095815490994433,2.6294816260276193,0.7480591824384002,0.48186111134871984,2.2744747646076258,0.6024561093084569,0.0,0.5427540232127999,15.339115906805924,15.918484052801286,16.501486647696797
Conservative,2047,3.8169904558595475,0.630012474801522,3.3248384573954812,2.703690219956791,0.5931040660761601,0.49222822596044047,2.077715474507333,0.6395479843199109,0.0,0.5310952302096,14.322184063026564,14.80999059921821,15.300490448827855
Conservative,2048,3.682090022893057,0.664583234868756,2.6261405206964317,2.760177415561917,0.4568504292748801,0.4992401847119515,1.8770418749222866,0.6754166728945827,0.0,0.5194364372063999,13.357693999544978,13.762173052564517,14.169116700193667
Conservative,2049,3.5432982312833023,0.6983461111133477,1.9997216808972829,2.79975011827799,0.33929827203456014,0.5030616588530802,1.6724539658524866,0.7099966239425775,0.0,0.5077776442032,12.43990946648318,12.774741635785062,13.110534424189627
Conservative,2050,3.4006150810302835,0.731207091195,1.4455819379980357,2.8232152335399996,0.24044759435520008,0.503857319633654,1.4639517472979326,0.7432222863740002,0.0,0.4961188512,11.574808566723904,11.848665528475962,12.124064877976735
Reference,2025,5.925016992641274,0.0049948756159729,18.45147998620017,0.10954478792130325,5.2178335151784,0.08317642560215362,3.8219968137639686,0.006481288239961417,1.5918640840837674,0.09136211859564014,32.92313626448811,35.30403254360803,37.69475433753082
Reference,2026,5.7923444531524995,0.013762222783556042,18.1977539044955,0.15450538902855096,5.041796202795839,0.0852358436630949,3.8106058606431445,0.01484034466876964,1.5237949027516227,0.111626692407707,32.40234282289973,34.74483175402043,37.09972635563326
Reference,2027,5.65464141893358,0.025815062162616913,17.89828859725985,0.20923147052190508,4.856487301150579,0.08965211430694177,3.791072857427145,0.025817847017592408,1.4435756159774555,0.13714614674286715,31.827072668774985,34.13153878009436,36.443045631956124
Reference,2028,5.512216081776099,0.040435737708643976,17.554124357800834,0.27140521867675527,4.662400529303027,0.09592754766021243,3.763657396197367,0.03886637997903585,1.3517973397777423,0.16660207613961917,31.199378657282963,33.45589873182659,35.718029220789035
Reference,2029,5.365376633471634,0.056924711856419674,17.166301479426075,0.3387288961165238,4.460029606313595,0.10357555418044648,3.7286190690352083,0.05344303278681713,1.249051190168958,0.19870977915855426,30.519930542530272,32.71960405846756,34.92860401238063
Reference,2030,5.214431265811766,0.07460056552002045,16.735860255443185,0.40892484181266536,4.249868251242692,0.11212064465620483,3.6862174680220656,0.06900939921576428,1.1359282831675788,0.23221825838235596,29.77821407738069,31.91810837690159,34.07162328646108
Reference,2031,5.125305246931253,0.09517339154661383,16.40715792909451,0.4964388105746157,4.066901792346284,0.12552771372211755,3.668053532231977,0.08694188134115631,1.0351404805189446,0.2663943324313518,29.278989496942298,31.371388848421397,33.47950414061929
Reference,2032,5.030850417560812,0.11689112761638758,16.00638497344916,0.5922102364913451,3.8680351030610236,0.1408449052732028,3.6428412810508517,0.10580760339854804,0.9355293671435583,0.2966886894858026,28.693696288406652,30.735562493285713,32.788077395676524
Reference,2033,4.931146623004845,0.1393149369055033,15.532976470227,0.6939453793553657,3.653492601141642,0.15761405020075717,3.6106580741980885,0.12524679524783713,0.8370949430414202,0.3231239788841604,28.022457896768785,30.004360336100167,31.99655664506355
Reference,2034,4.826273708567755,0.16200947097778257,14.986367501147893,0.7993529623809705,3.423498704342871,0.17537697939607746,3.5715812713930837,0.1448997602161414,0.7398372082125299,0.34572284996487707,27.25996607628522,29.17622629114294,31.09494790240055
Reference,2035,4.716311519553941,0.18454286978470721,14.365993147931718,0.9061441722042323,3.178277830419442,0.1936755237504604,3.5256882323552317,0.16440687509779922,0.6437561626568872,0.36450795206640474,26.407197637144186,28.24445940220709,30.08293559041508
Reference,2036,4.621326866451937,0.2068873047688561,13.6012209993069,1.0166054221204632,2.920485589469012,0.21164748207266443,3.4668826013202594,0.18623293224433743,0.5521980940448528,0.38023809253262864,25.423670618062875,27.16466345387986,28.905411967120322
Reference,2037,4.5205500895316675,0.22830034577768646,12.743557370138708,1.1277884033289214,2.6503143395670636,0.22890013798380113,3.3925066047116372,0.20956494100356923,0.46071003153029394,0.39224640256787024,24.323553677122852,25.956716752259943,27.589160202538896
Reference,2038,4.413985293558665,0.248352716869703,11.79321332730632,1.2366480423912394,2.3679564387890824,0.24504077510498185,3.3026987142990376,0.23358433359881184,0.3692919751132108,0.4005339297840505,23.101199363435647,24.61479955693099,26.125287682999616
Reference,2039,4.301636583298459,0.26661530345366397,10.750399937688918,1.3401441003380261,2.0736042452105528,0.2596766770573181,3.1975974018521356,0.25747284223435113,0.27794392479360314,0.40510172179309006,21.74985641727912,23.13362828111122,24.51173226368468
Reference,2040,4.18350806351658,0.28265915228858074,9.615328268165673,1.4352411726688683,1.7674501169069572,0.27241512746192126,3.0773411391406045,0.2804124990954414,0.18666588057147107,0.4059508262069095,20.26493046979947,21.508231769365963,22.747619342530875
Reference,2041,4.086390286352863,0.30416177385422777,8.567078279766964,1.535339800985399,1.5495066362901124,0.2881440266717762,2.91840896146542,0.3071686360315589,0.12446340418599143,0.40785216370634286,18.975597783571214,20.089785196179953,21.20072752739636
Reference,2042,3.985788319925251,0.32398719651422664,7.564061594601786,1.6151476895683832,1.3444974551562856,0.30023288857526853,2.75599832545263,0.3315007031616338,0.07468973279460128,0.404627131405514,17.71179069824924,18.700869897740333,19.68964897678582
Reference,2043,3.8817029505573517,0.3419839702319654,6.60639477572356,1.6755735451420624,1.1522729616689897,0.30886258221372886,2.5901123103226307,0.35329887069011695,0.037350711538803844,0.3967516708600965,16.473159904816132,17.344773078497212,18.218252714714307
Reference,2044,3.7741349645727755,0.358000771268881,5.694194386185704,1.7175255696500131,0.9726835439917363,0.31421397662848805,2.42075399529582,0.3724533236649464,0.012452185560102354,0.38470133205940055,15.26341308727502,16.02200581465295,16.780429884445557
Reference,2045,3.663085148295129,0.3718864021844594,4.827576989041632,1.7419114602551489,0.8055795902880387,0.3164679408608767,2.247926459592598,0.38885426197754797,0.0,0.36895127342637263,14.080504845828761,14.733190146972042,15.385814205045685
Reference,2046,3.5473912161949337,0.38342204997721785,4.004695282133528,1.749654442918297,0.6508114887214081,0.3158053439522254,2.0722220805735683,0.40239680318033744,0.0,0.3499144399827201,12.924537095590274,13.477025932595527,14.030074534849648
Reference,2047,3.428294216410882,0.3925212431574143,3.2519570416125774,1.7390181134737133,0.5136281212219546,0.3118789580144743,1.8929526818160038,0.4129665318148186,0.0,0.3308921145768108,11.81377761806117,12.27473910723003,12.738161058044952
Reference,2048,3.3057983744233046,0.39903453107454767,2.5694331427241957,1.7113590695585794,0.3938050700349467,0.30496008660961915,1.7101183000418745,0.42045357963618835,0.0,0.3118842972086446,10.748820929774391,11.127363568955257,11.50946753395779
Reference,2049,3.1799079157125325,0.4028126970533803,1.9571944607137923,1.6680332011137702,0.2911179174056526,0.2953200332996561,1.5237189719731485,0.42474808787898843,0.0,0.2928909878782217,9.72930183735866,10.036797299517799,10.345709842871749
Reference,2050,3.0506270657588974,0.40370675839393777,1.4153118708267833,1.610395690383852,0.2053422455793409,0.2832301016465812,1.333754734331795,0.4257402072571052,0.0,0.27391218658554206,8.756869484248226,9.002748544127005,9.249686340312774
Optimistic,2025,5.925016992641274,0.0049948756159729,18.45147998620017,0.10954478792130325,5.2178335151784,0.08317642560215362,3.8219968137639686,0.006481288239961417,1.5918640840837674,0.09136211859564014,32.92313626448811,35.30403254360803,37.69475433753082
Optimistic,2026,5.678029088505019,0.013132438634219014,17.56054380517351,0.15034378687807262,5.041796202795839,0.08458910940222689,3.717278406070288,0.014464903329025006,1.4908771770263052,0.10674746991055971,31.58547512123668,33.857931980845805,36.13856363081793
Optimistic,2027,5.427794957103959,0.02343548453103346,16.635688481912428,0.19784927031423133,4.856487301150579,0.08822254340185141,3.603201717992979,0.024497417984332304,1.3802930781375815,0.12506619430052549,30.207937177743464,32.36229740165919,34.52802763771798
Optimistic,2028,5.175000699273593,0.034804462721792544,15.68297971319505,0.2490238812880016,4.662400529303027,0.09351034742893136,3.480576014223001,0.03584995229917554,1.2615880405193658,0.14442160392148748,28.784349625109478,30.82171583097395,32.86829470415272
Optimistic,2029,4.9203324158494235,0.046277498175021366,14.708483195799495,0.301057521598435,4.460029606313595,0.0998989845053197,3.350210559451312,0.047842844837521936,1.1362383172734274,0.16316144696947316,27.317936671707322,29.23596501613416,31.160750893825842
Optimistic,2030,4.664476207666952,0.057030391412393876,13.718264626503897,0.3513673517854128,4.249868251242692,0.10684776084681841,3.2129146183688673,0.05984565263401369,1.0057201615015359,0.17987790768058742,25.810909348691375,27.607345175273522,29.410363806755818
Optimistic,2031,4.529965603296388,0.07065855416548232,13.107168637592682,0.4153153201040178,4.066901792346284,0.1183761625529578,3.143628551540697,0.0732986378891432,0.9112909409425378,0.20053819505667844,24.92133355853433,26.63937185741143,28.364832606340602
Optimistic,2032,4.392223840318735,0.084152315458985,12.455480071797954,0.48172889041313344,3.8680351030610236,0.13129586991704978,3.0685474765874137,0.0866017889642777,0.8188439168830733,0.21673398589349885,23.972177921589907,25.60413305064433,27.247172009498037
Optimistic,2033,4.251512992263717,0.09709255727417794,11.767100559714162,0.5480360788054877,3.653492601141642,0.1450631174503028,2.9880496274372583,0.09936685707586027,0.7283790893231422,0.2286816238321254,22.9626538175625,24.507752126697206,26.061907671373827
Optimistic,2034,4.108095132661057,0.10909418632731421,11.045931731935745,0.6118252638818541,3.423498704342871,0.1591341396639256,2.9025132380184706,0.11123298625901261,0.6398964582627445,0.23659745251363476,21.896952258252902,23.348736802727437,24.810012449226306
Optimistic,2035,3.962232335040478,0.11980613406962397,10.295875219057152,0.670845186751051,3.178277830419442,0.17296517106912673,2.8123165422592913,0.12186671336753503,0.5533960237018803,0.2406978155791038,20.773046993676434,22.128731975031187,23.496642556284286
Optimistic,2036,3.8501155137755303,0.13087814377067256,9.67405500953205,0.7332801199515702,2.920485589469012,0.18565802759959904,2.746366011513599,0.13431655403271314,0.47051843000457827,0.2445908428158095,19.817947710235746,21.09036971695403,22.374622660345565
Optimistic,2037,3.73452738816906,0.14038048222572994,8.994854896201824,0.7905873068220738,2.6503143395670636,0.1967466245506641,2.6687041205953927,0.14669101800339024,0.3890804394335087,0.24517497799457308,18.77306431026367,19.956937291787362,21.150361615444528
Optimistic,2038,3.6155938795265046,0.14798510201776877,8.259956078866846,0.839946992155431,2.3679564387890824,0.2057648772176436,2.5797033153251174,0.1582015350155539,0.30908205198867145,0.24253190708606395,17.638770011312648,18.72612931384902,19.82246224592484
Optimistic,2039,3.493440909153302,0.15337587747698211,7.471039757327482,0.8786410740161902,2.0736042452105528,0.21224670089585926,2.4797360415232155,0.16809019127177122,0.2305232676700666,0.2367433160609516,16.41126044822785,17.39755041197269,18.39234923459823
Optimistic,2040,3.36819439835489,0.15624860468078347,6.629787131384109,0.9040531037405788,1.7674501169069572,0.21572601088063273,2.369174745010128,0.17562972944118851,0.15340408647769416,0.22789089088990544,15.089975141041474,15.96697988539054,16.8553407550885
Optimistic,2041,3.263271498049736,0.16207441929040514,5.8550683239103005,0.9317383128382083,1.5495066362901124,0.2217691982697057,2.2265454694232796,0.18512106208060408,0.10137314846119963,0.22063246168934,13.936023589939676,14.715948769416302,15.503202433117146
Optimistic,2042,3.1568557539861932,0.16582504925991565,5.123777872994997,0.9409664278130434,1.3444974551562856,0.22379833902971447,2.0834833791142815,0.19155092175268748,0.060286143562361894,0.2101783343845577,12.810284472879124,13.499643114347432,14.193607863299643
Optimistic,2043,3.049016467169657,0.1674138847344724,4.435142202020011,0.9331362835603391,1.1522729616689897,0.22205133056200518,1.9400652428601852,0.1948948295722801,0.029874199024001995,0.19704546593275324,11.71753358703104,12.31983496670363,12.926622645104697
Optimistic,2044,2.939822938605524,0.16675901004720126,3.788387734367156,0.9096133599955818,0.9726835439917363,0.21676607026792422,1.7963678294380407,0.19513287899653997,0.009868442088941021,0.18173545489030918,10.655985146128376,11.176764961391775,11.701298328922528
Optimistic,2045,2.829344469299186,0.1637832037191957,3.18274089341824,0.8717297820544883,0.8055795902880387,0.20818045554881767,1.6524679076249,0.19224973582494143,0.0,0.16473454141279573,9.626418704044841,10.070160809573014,10.517419567496354
Optimistic,2046,2.7195111735777626,0.1584139384595175,2.619108685073328,0.8207843196930054,0.6508114887214081,0.1965323838060318,1.5097645806793711,0.1862346381992754,0.0,0.14651360725497067,8.633675920472694,9.008282735534618,9.384643234459254
Optimistic,2047,2.608408041931524,0.1505833811651964,2.109671966767775,0.7568990358693807,0.5136281212219546,0.18175199627885386,1.3667834990054608,0.17708139660364947,0.0,0.12859984111339134,7.683182292833513,7.993962299708219,8.30822090852011
Optimistic,2048,2.49609887301566,0.1402283929212302,1.6533593455899724,0.6817760925417335,0.3938050700349467,0.16419613906930325,1.2235946042747057,0.16478839386448757,0.0,0.11099324298805778,6.775288582743758,7.029074791888249,7.285328012917221
Optimistic,2049,2.3826474654853684,0.12729052900058474,1.2490994286283088,0.5970676191985295,0.2911179174056526,0.14422165827939917,1.0802678381586406,0.14935858515053024,0.0,0.09369381287896984,5.910473754527226,6.115096615677141,6.322007209998322
Optimistic,2050,2.2681176179958404,0.11171603886419394,0.8958208229711747,0.5043757128585783,0.2053422455793409,0.12218540001116109,0.9368731423288015,0.1307994979728345,0.0,0.07670155078612759,5.088567359167993,5.252364078095062,5.417528720519983
