scenario,year,cars,scooters,trucks_light,bus,trucks,p05,median,p95
Conservative,2025,0.2550209445875,0.19363523383432538,0.015088479155085226,0.21269157780937498,0.0116281013625,0.6610473235285672,0.6879274090659533,0.7150340096907353
Conservative,2026,0.37790859138499994,0.20927442546523153,0.03629453377944319,0.27430807488875,0.03381887214,0.896717514635207,0.9313719574772961,0.9663777030161484
Conservative,2027,0.5389477953924999,0.2326994917924635,0.06648868110807388,0.35659619076812493,0.06712221269249999,1.2164826888950753,1.2615511227322114,1.307158951337477
Conservative,2028,0.7381385566099999,0.26391043281602117,0.10567092114097729,0.45955592544749996,0.11153812302,1.6200116893084122,1.6783919997680248,1.7374107788959394
Conservative,2029,0.9754808750374998,0.30290724853590467,0.15384125387815342,0.5831872789268749,0.1670666031225,2.1076671581347965,2.1819777983272957,2.2569859943214476
Conservative,2030,1.250974750675,0.3496899389521139,0.2109996793196023,0.72749025120625,0.233707653,2.679175807941075,2.772121318173581,2.8661020138237974
Conservative,2031,1.5836959621274995,0.4081514414128119,0.27714619746532393,0.8717932234856249,0.3114612726525,3.339718406856573,3.451469069184637,3.564624831350697
Conservative,2032,1.973644509395,0.4782917559179985,0.3522808083153182,1.0160961957649999,0.40032746208000003,4.0887749709986965,4.219518706516848,4.352264558953669
Conservative,2033,2.4208203924774994,0.5601108824676737,0.43640351186958526,1.160399168044375,0.5003062212825,4.926162963818985,5.076632597726215,5.230012673715663
Conservative,2034,2.9252236113749994,0.6536088210618377,0.529514308128125,1.3047021403237498,0.61139755026,5.851728362570365,6.02275966743675,6.197034103418952
Conservative,2035,3.4868541660874994,0.7587855717004902,0.6316131970909376,1.449005112603125,0.7336014490125,6.866285351918149,7.057934352533907,7.253313736079884
Conservative,2036,4.124787835219999,0.8739727326629904,0.7541677453117499,1.5933080848824999,0.86691791754,7.996971667342758,8.21083865913252,8.427973677251677
Conservative,2037,4.839024618772499,0.9991703039493378,0.8971779527905626,1.7376110571618748,1.0113469558425001,9.245132403181996,9.48205099276504,9.721891378325191
Conservative,2038,5.629564516745,1.1343782855595326,1.060643819527375,1.8819140294412497,1.1668885639200002,10.609882208306859,10.870263742810788,11.133777280231502
Conservative,2039,6.4964075291375,1.2795966774935752,1.2445653455221877,2.0262170017206245,1.3335427417725,12.09143017519109,12.377214918746382,12.665135582820383
Conservative,2040,7.439553655949999,1.4348254797514648,1.4489425307750001,2.170519974,1.5113094894,13.689837602577288,14.001872762706608,14.316377866889816
Conservative,2041,8.297963693174998,1.5822009650747744,1.6547388602797275,2.273878068,1.695778147665,15.166625508597786,15.501319984304608,15.838478191657297
Conservative,2042,9.11822217319,1.721790575701758,1.8651842032521815,2.3565645431999998,1.8869143477950001,16.58988454711357,16.94509952626735,17.30337103460334
Conservative,2043,9.900329095995,1.8535943116324156,2.0802785596923634,2.4185793996,2.08471808979,17.959692428926665,18.333941582431613,18.711820447994082
Conservative,2044,10.644284461589999,1.977612172866748,2.300021929600273,2.4599226371999996,2.28918937365,19.276831816495463,19.667557060742798,20.061990510142344
Conservative,2045,11.350088269974998,2.093844159404754,2.52441431297591,2.4805942559999994,2.500328199375,20.540270405826725,20.945878528185666,21.35621412617997
Conservative,2046,12.01774052115,2.2022902712464347,2.7534557098192725,2.4805942559999994,2.7181345669650003,21.749991858954346,22.168074529623063,22.593800942889768
Conservative,2047,12.628165436509999,2.2990575710436265,2.987146120130364,2.4805942559999994,2.9426084764200002,22.901280013151563,23.333118101137153,23.77421762665034
Conservative,2048,13.181363016054998,2.38414605879633,3.225485543909182,2.4805942559999994,3.1737499277400003,23.994379411264422,24.440778698014427,24.89621253560305
Conservative,2049,13.677333259785,2.4575557345045445,3.4684739811557277,2.4805942559999994,3.411558920925,25.03004161727801,25.491435668499037,25.959827065930455
Conservative,2050,14.116076167699998,2.5192865981682697,3.7161114318700004,2.4805942559999994,3.656035455975,26.0073543977702,26.484920319049273,26.967572106994066
Reference,2025,0.2550209445875,0.19363523383432538,0.015088479155085226,0.21269157780937498,0.0116281013625,0.6610473235285672,0.6879274090659533,0.7150340096907353
Reference,2026,0.37707167524671975,0.20801877891244014,0.03621798346760343,0.2724258627681029,0.03358681812163273,0.8926673118321475,0.9270758506714809,0.9618504810077476
Reference,2027,0.5365606884680374,0.2299070978909539,0.06620821301866038,0.3517024983552234,0.06620107143666408,1.2058084422492272,1.2502685393274156,1.2952949138270229
Reference,2028,0.7332345130047748,0.2591600450253328,0.10500229632698524,0.45009595894804527,0.10924210887078892,1.599179394513717,1.6563089100298318,1.7141662400398008
Reference,2029,0.9668396776102538,0.2956374745710429,0.15254336191130724,0.5671807189238773,0.1624811779872021,2.071878960024587,2.144173199759096,2.2172706106001834
Reference,2030,1.2371227110377965,0.33919924078355046,0.20877453829035555,0.7025312526600284,0.2256895263490985,2.622767825037358,2.712587849780548,2.8035989422803653
Reference,2031,1.5657383043007038,0.39590689817042746,0.27420949161136293,0.8401917848719268,0.30017118226969197,3.267703891737886,3.3753741083137117,3.484684725476348
Reference,2032,1.950740036599756,0.4639430032404585,0.3485301594060382,0.9772923014895011,0.3850392791511823,3.9982778655974327,4.124478087659071,4.252575729386628
Reference,2033,2.3920822259844083,0.5433075559936434,0.4317351792905818,1.1138328025127513,0.48022912796878325,4.814894618009163,4.959804559829529,5.107493526048151
Reference,2034,2.889719190504117,0.6340005564299824,0.5238231888811936,1.2498132879416777,0.5856760396977083,5.717125310619936,5.88128432132924,6.048841259601693
Reference,2035,3.4436052482083377,0.7360220045494754,0.6247928257940738,1.3852337577762794,0.7013153253131715,6.704979511737616,6.889123487234449,7.07657327036205
Reference,2036,4.072010910814543,0.8477535506831004,0.7459556240317468,1.5230428913812173,0.8286866703608523,7.809593608337417,8.015304429044997,8.223468921603018
Reference,2037,4.775213815597215,0.9691951948308575,0.8873272668802199,1.660826122286451,0.9666555907520498,9.028906323288707,9.25674572200559,9.48723875231124
Reference,2038,5.5531243116591495,1.1003469369927465,1.0489021914611103,1.7985834504919813,1.1152190943908287,10.362260546777438,10.613336498275697,10.866888342122417
Reference,2039,6.405652748103133,1.2412087771687677,1.2306748348960355,1.9363148759978077,1.2743741891812546,11.810440617208577,12.08543225382383,12.362478172996797
Reference,2040,7.332709474031959,1.3917807153589208,1.4326396343066126,2.0740203988039303,1.4441178830273926,13.370916292626086,13.672238056379836,13.976195728781292
Reference,2041,8.177645251261112,1.5347349361225309,1.6360652776458044,2.1723336473197197,1.6200498964319079,14.814943786041189,15.137585576903785,15.462732814815874
Reference,2042,8.984750807808593,1.670136858430705,1.8440735975770364,2.2508616204184246,1.802277429117787,16.205484260636297,16.54857919613379,16.894792085481246
Reference,2043,9.754041951745563,1.7979864822834428,2.056664129251072,2.3096165806714377,1.9907965258452913,17.54426449255093,17.905679253489176,18.27047249522745
Reference,2044,10.485534491143179,1.9182838076807451,2.2738364078186746,2.348610790650152,2.185603231374683,18.830715584009194,19.209022188852828,19.589377295995348
Reference,2045,11.179244234072605,2.031028834622611,2.4955899684306084,2.367856512925959,2.386693590466223,20.06390658523149,20.45663294222864,20.854188569984597
Reference,2046,11.83529544552935,2.136221563109041,2.721957510668413,2.366947824820187,2.5936054174457337,21.245041591057554,21.65003763402604,22.062754941907226
Reference,2047,12.434823118092009,2.2300858439123172,2.952911034693951,2.366039136714416,2.806717302677371,22.367358544034584,22.7859096004,23.213856404549
Reference,2048,12.977849414482694,2.31262167703244,3.1884502436453075,2.3651304486086437,3.026021918824986,23.43145029698659,23.86555706673456,24.306790467817805
Reference,2049,13.464396497423511,2.3838290624694074,3.42857484066057,2.3642217605028724,3.2515119385524307,24.439945928466994,24.88951662965307,25.342584241619125
Reference,2050,13.894486529636564,2.4437080002232214,3.6732845288778253,2.363313072397101,3.483180034523556,25.39075628532725,25.85526360931686,26.323231619780586
Optimistic,2025,0.2550209445875,0.19363523383432538,0.015088479155085226,0.21269157780937498,0.0116281013625,0.6610473235285672,0.6879274090659533,0.7150340096907353
Optimistic,2026,0.3697205371289261,0.20801877891244014,0.03557161848438919,0.2625098963650101,0.03229486476613591,0.874756947840371,0.9078930222960581,0.9414060691116154
Optimistic,2027,0.515593291734924,0.2299070978909539,0.06384003518177087,0.3259212970649467,0.061072646836490704,1.1546866848682547,1.1960847848645888,1.237836580890365
Optimistic,2028,0.690159346654447,0.2591600450253328,0.0993566541828059,0.40025847838250517,0.09645912323144229,1.493870857500013,1.544989763343469,1.5966319923540961
Optimistic,2029,0.8909388401364483,0.2956374745710429,0.14158440042306997,0.482854138791006,0.1369519696088685,1.8855832280496307,1.9474381270752992,2.010257998059002
Optimistic,2030,1.115451910429882,0.33919924078355046,0.1899861988381387,0.5710409767637695,0.1810488616266472,2.3225015006032894,2.396034828990894,2.4708522000985447
Optimistic,2031,1.3890144485084206,0.39590689817042746,0.24514594611753582,0.670696304537386,0.23631623466716498,2.849340068154104,2.9362313767607167,3.024509696074712
Optimistic,2032,1.702222227608245,0.4639430032404585,0.30601338856635224,0.7658444731219038,0.297358005155424,3.4342007222608464,3.534241572758611,3.6363949951402788
Optimistic,2033,2.0525695835411524,0.5433075559936434,0.37216051339273504,0.8564854825173235,0.363642536607408,4.073639128518835,4.186928668712047,4.302319495976567
Optimistic,2034,2.43755085211894,0.6340005564299824,0.44315930780483115,0.9426193327236445,0.4346381925391004,4.763940921123911,4.890578083125009,5.019066732337682
Optimistic,2035,2.8546603691534083,0.7360220045494754,0.5185817590107874,1.0242460237408673,0.509813336466485,5.5023108362379585,5.641827242640728,5.783266626402623
Optimistic,2036,3.3483110500071693,0.8477535506831004,0.6133175983228911,1.1168531635425092,0.5976170948432536,6.3679972146165404,6.5218209170428665,6.6785359997517375
Optimistic,2037,3.894518752818097,0.9691951948308575,0.7226158522334495,1.2077585122885373,0.6915294690922656,7.314132154902913,7.483701294078662,7.6552995483725255
Optimistic,2038,4.491695145216209,1.1003469369927465,0.8459975134521599,1.2969620699789517,0.7913641819132019,8.33761918675549,8.524330775945621,8.712437493281763
Optimistic,2039,5.138251894831523,1.2412087771687677,0.9829835746887207,1.384463836613752,0.8969349560057435,9.437280202961322,9.641461429590088,9.847189615733868
Optimistic,2040,5.832600669294056,1.3917807153589208,1.1330950286528292,1.4702638121929386,1.0080555140695708,10.611346735824725,10.833228245605227,11.057599040933273
Optimistic,2041,6.448016005800751,1.5347349361225309,1.2811146164747689,1.5268682469850519,1.1216222788263333,11.672876456877713,11.909716050248903,12.150102078677367
Optimistic,2042,7.02213752099286,1.670136858430705,1.4294844906916973,1.5684950327205798,1.2375003676113108,12.675600535480081,12.92547035044259,13.179083494059435
Optimistic,2043,7.555759381055377,1.7979864822834428,1.5780957860103655,1.595509845609338,1.355578014044311,13.618144411609862,13.880900262407808,14.146498678089305
Optimistic,2044,8.04967575217329,1.9182838076807451,1.726839637137522,1.6082783618611434,1.4757434517451435,14.504304102137624,14.776491248181506,15.053200612886704
Optimistic,2045,8.504680800531592,2.031028834622611,1.8756071787799162,1.6071662576858117,1.5978849143336165,15.332708224979692,15.614052346760896,15.900243080395986
Optimistic,2046,8.921568692315276,2.136221563109041,2.0242895456442977,1.5925392092931594,1.721890635429538,16.10418979088069,16.394232089188176,16.68866735102807
Optimistic,2047,9.287104734593628,2.2300858439123172,2.1727778724374165,1.5779121609005073,1.8476488486527165,16.814892921546363,17.1132168856361,17.414764422909
Optimistic,2048,9.602480176644134,2.31262167703244,2.3209632938660216,1.563285112507856,1.9750477876229606,17.46597875232956,17.771735589096018,18.08173270118838
Optimistic,2049,9.868886267744287,2.3838290624694074,2.468736944636863,1.5486580641152037,2.103975685960078,18.05797140831593,18.37173175554626,18.69000106210667
Optimistic,2050,10.087514257171566,2.4437080002232214,2.6159899594566896,1.5340310157225516,2.234320777283879,18.59189260321888,18.912914213140034,19.23846457237921
